,<!doctype html>,The report is no longer supported
"<html data-n-head-ssr lang=""en"" prefix=""og: http://ogp.me/ns#"" data-n-head=""%7B%22lang%22:%7B%22ssr%22:%22en%22%7D","%22prefix%22:%7B%22ssr%22:%22og:%20http://ogp.me/ns#%22%7D%7D"">",
  <head >,,
  </head>,,
  <body >,,
"    <div data-server-rendered=""true"" id=""__nuxt""><!----><div id=""__layout""><div data-v-4c99115e><div class=""mdc-page-shell mds-page-shell default-layout"" data-v-51d50d7f data-v-4c99115e><div class=""mdc-page-shell__top-ad"" data-v-51d50d7f><div data-v-4c2edb49 data-v-4c99115e><div class=""mdc-top-ad__placeholder"" style=""height:0px;"" data-v-4c2edb49></div> <div class=""mdc-bar mdc-top-ad mdc-bar--full-width"" data-v-4c2edb49><div class=""mdc-top-ad__visibile"" data-v-4c2edb49><div class=""mdc-top-ad__wrapper"" data-v-4c2edb49><aside aria-label=""Advertisement 0"" class=""mdc-top-ad__drawer"" data-v-4c2edb49><span class=""mdc-top-ad__label"" data-v-4c2edb49>",,
						Advertisement,,
"					</span> <div class=""mdc-ad ad mdc-ad--show-at-lg-plus"" style=""height:250px;width:970px;"" data-v-4c2edb49></div> <div class=""mdc-ad ad-mobile mdc-ad--show-at-xs mdc-ad--show-at-sm mdc-ad--show-at-md"" style=""height:250px;width:300px;"" data-v-4c2edb49></div></aside></div></div></div></div></div> <a href=""#start-of-content"" tabindex=""0"" class=""mdc-link mdc-page-shell__accessibility-link"" data-v-a973a906 data-v-51d50d7f>Skip to Content</a> <div class=""mdc-page-shell__content-container"" data-v-51d50d7f><div class=""mds-page-shell__header"" data-v-51d50d7f><div class=""mds-page-shell__header-inner"" data-v-51d50d7f><!----> <!----> <header class=""mdc-masthead mds-masthead default-layout__masthead"" data-v-61aaec16 data-v-4c99115e><div class=""mdc-masthead__inner mds-masthead__inner"" data-v-61aaec16><div class=""mds-masthead__left mdc-masthead__left"" data-v-61aaec16><button type=""button"" aria-label=""Open Main Menu"" tabindex=""0"" role=""button"" class=""mdc-button mds-button default-layout__nav-toggle mds-button--icon-only mds-button--flat mds-button--flat-icon-m"" data-v-0c7aeab8 data-v-4c99115e><!----> <svg aria-hidden=""true"" class=""mdc-icon mds-icon mdc-button__content mdc-button__icon mds-button__icon mds-button__icon--left"" data-v-0c7aeab8><use xlink:href=""/assets/img/mds.3ec6f34.svg#menu-padless""></use></svg> <!----> <!----> <!----></button> <div class=""mdc-site-search default-layout__search"" data-v-39e86fa8 data-v-4c99115e><button type=""button"" tabindex=""0"" role=""button"" class=""mdc-button mds-button mdc-site-search__mobile-toggle mds-button--flat mds-button--flat-icon-m"" data-v-0c7aeab8 data-v-39e86fa8><!----> <svg aria-hidden=""true"" class=""mdc-icon mds-icon mdc-button__content mdc-button__icon mds-button__icon mds-button__icon--left"" data-v-0c7aeab8><use xlink:href=""/assets/img/mds.3ec6f34.svg#search-padless""></use></svg> <span class=""mdc-button__content mdc-button__text mds-button__text"" data-v-0c7aeab8></span> <!----> <!----></button> <form class=""mdc-site-search__form"" data-v-39e86fa8><div role=""search"" class=""mdc-search-field mds-search-field mdc-site-search__search-field"" data-v-894e5c78 data-v-39e86fa8><input aria-label=""Search"" placeholder=""Search Quotes and Site"" type=""text"" class=""mdc-search-field__input mds-search-field__input"" data-v-894e5c78> <svg aria-hidden=""true"" class=""mdc-icon mds-icon mds-search-field__search-icon mds-icon--s"" data-v-894e5c78><use xlink:href=""/assets/img/mds.3ec6f34.svg#search--s""></use></svg> <!----> <span class=""mds-search-field__input-focus-outline"" data-v-894e5c78></span></div> <!----></form></div></div> <div class=""mds-masthead__logo-wrap mdc-masthead__logo-wrap"" data-v-61aaec16><a href=""/"" tabindex=""0"" class=""mdc-link mdc-link--active"" data-v-a973a906 data-v-4c99115e><img alt=""Morningstar"" src=""/assets/img/morningstar-50px.d304f16.svg"" width=""126"" height=""50"" class=""mds-masthead__logo--wide"" data-v-a973a906 data-v-4c99115e> <img alt=""Morningstar"" src=""/assets/img/morningstar-50px.d304f16.svg"" width=""126"" height=""50"" class=""mds-masthead__logo"" data-v-a973a906 data-v-4c99115e></a></div> <div class=""mds-masthead__right"" data-v-61aaec16><section class=""mdc-user-popover"" data-v-7106cf96 data-v-4c99115e><ul class=""mdc-user-popover__link-list"" data-v-7106cf96><li class=""mdc-user-popover__link-list--item"" data-v-7106cf96><div class=""mdc-popover mds-popover__wrapper mdc-user-popover__trial mdc-popover--hide-tail mdc-user-popover__trial-padded"" data-v-638499ce data-v-7106cf96><a href=""https://investor.morningstar.com/mm/learn"" tabindex=""0"" target=""_blank"" type=""button"" role=""link"" class=""mdc-link mdc-button mds-button mdc-user-popover__premium-button mds-button--primary"" data-v-a973a906 data-v-0c7aeab8 data-v-7106cf96><!----> <!----> <!----> <span class=""mdc-button__content"" data-v-a973a906 data-v-0c7aeab8>",,
						Get 7 Days Free,,
"					</span> <!----></a> <!----> <section role=""tooltip"" class=""mds-popover mdc-popover mdc-popover--right-align mds-popover--width-300px mds-popover--bottom-left"" data-v-638499ce><!----> <!----></section></div></li> <li class=""mdc-user-popover__link-list--item"" data-v-7106cf96><!----></li> <li class=""mdc-user-popover__link-list--item"" data-v-7106cf96><a href=""/login?destination=https://www.morningstar.com/"" tabindex=""0"" type=""button"" role=""link"" class=""mdc-link mdc-button mds-button mdc-user-popover__sign-in mds-button--flat mds-button--flat-icon-m"" data-v-a973a906 data-v-0c7aeab8 data-v-7106cf96><!----> <svg aria-hidden=""true"" class=""mdc-icon mds-icon mdc-button__content mdc-button__icon mds-button__icon mds-button__icon--left"" data-v-0c7aeab8><use xlink:href=""/assets/img/mds.3ec6f34.svg#person-padless""></use></svg> <span class=""mdc-button__content mdc-button__text mds-button__text"" data-v-a973a906 data-v-0c7aeab8>",,
				Sign In,,
"			</span> <!----> <!----></a></li></ul> <a aria-label=""Sign in"" href=""/login?destination=https://www.morningstar.com/"" tabindex=""0"" type=""button"" role=""link"" class=""mdc-link mdc-button mds-button mdc-user-popover__sign-in--mobile mds-button--icon-only"" data-v-a973a906 data-v-0c7aeab8 data-v-7106cf96><!----> <svg aria-hidden=""true"" class=""mdc-icon mds-icon mdc-button__content mdc-button__icon mds-button__icon mds-button__icon--left"" data-v-0c7aeab8><use xlink:href=""/assets/img/mds.3ec6f34.svg#person-padless"">",,
		Sign In,,
"	</use></svg> <!----> <!----> <!----></a> <!----></section></div></div></header> <nav aria-label=""Main Menu"" class=""mdc-site-navigation mds-site-navigation"" data-v-a2663010 data-v-4c99115e><!----> <ul class=""mdc-site-navigation__list mds-site-navigation__list"" data-v-a2663010><li class=""mds-site-navigation__list-item"" data-v-7b549a46 data-v-4c99115e><div class=""mds-site-navigation__list-item-inner"" data-v-7b549a46><div class=""mds-menu"" data-v-7b549a46><div class=""mdc-popover mds-popover__wrapper"" data-v-638499ce data-v-7b549a46><button type=""button"" tabindex=""0"" role=""button"" class=""mdc-button mds-button mds-site-navigation__button mds-button--flat mds-button--large"" data-v-0c7aeab8 data-v-7b549a46><!----> <!----> <!----> <span class=""mdc-button__content"" data-v-0c7aeab8><span id=""site-nav__topics"" data-v-0c7aeab8 data-v-4c99115e>Topics</span></span> <svg aria-hidden=""true"" class=""mdc-icon mds-icon mdc-button__content mdc-button__icon mds-button__icon mds-button__icon--right mds-icon--s"" data-v-0c7aeab8><use xlink:href=""/assets/img/mds.3ec6f34.svg#caret-down--s""></use></svg></button> <!----> <section role=""dropdown"" class=""mds-popover mdc-popover mds-popover--width-200px mds-popover--bottom-center"" data-v-638499ce><!----> <!----></section></div></div></div></li><li class=""mds-site-navigation__list-item"" data-v-7b549a46 data-v-4c99115e><a href=""/topics/sustainable-investing"" tabindex=""0"" class=""mdc-link mds-site-navigation__list-item-inner mds-link mds-link--no-underline mdc-link--no-underline"" data-v-a973a906 data-v-7b549a46><span class=""mds-site-navigation__button mds-button mds-button--large mds-button--flat"" data-v-a973a906 data-v-7b549a46><span id=""site-nav__sustainable-investing"" data-v-a973a906 data-v-4c99115e>Sustainable Investing</span></span></a></li><li class=""mds-site-navigation__list-item"" data-v-7b549a46 data-v-4c99115e><a href=""/funds"" tabindex=""0"" class=""mdc-link mds-site-navigation__list-item-inner mds-link mds-link--no-underline mdc-link--no-underline"" data-v-a973a906 data-v-7b549a46><span class=""mds-site-navigation__button mds-button mds-button--large mds-button--flat"" data-v-a973a906 data-v-7b549a46><span id=""site-nav__funds"" data-v-a973a906 data-v-4c99115e>Funds</span></span></a></li><li class=""mds-site-navigation__list-item"" data-v-7b549a46 data-v-4c99115e><a href=""/etfs"" tabindex=""0"" class=""mdc-link mds-site-navigation__list-item-inner mds-link mds-link--no-underline mdc-link--no-underline"" data-v-a973a906 data-v-7b549a46><span class=""mds-site-navigation__button mds-button mds-button--large mds-button--flat"" data-v-a973a906 data-v-7b549a46><span id=""site-nav__etfs"" data-v-a973a906 data-v-4c99115e>ETFs</span></span></a></li><li class=""mds-site-navigation__list-item mds-site-navigation__list-item--active"" data-v-7b549a46 data-v-4c99115e><a href=""/stocks"" tabindex=""0"" class=""mdc-link mds-site-navigation__list-item-inner mds-link mds-link--no-underline mdc-link--no-underline mdc-link--active mds-site-navigation__list-item-inner--active"" data-v-a973a906 data-v-7b549a46><span class=""mds-site-navigation__button mds-button mds-button--large mds-button--flat"" data-v-a973a906 data-v-7b549a46><span id=""site-nav__stocks"" data-v-a973a906 data-v-4c99115e>Stocks</span></span></a></li><li class=""mds-site-navigation__list-item"" data-v-7b549a46 data-v-4c99115e><a href=""/bonds"" tabindex=""0"" class=""mdc-link mds-site-navigation__list-item-inner mds-link mds-link--no-underline mdc-link--no-underline"" data-v-a973a906 data-v-7b549a46><span class=""mds-site-navigation__button mds-button mds-button--large mds-button--flat"" data-v-a973a906 data-v-7b549a46><span id=""site-nav__bonds"" data-v-a973a906 data-v-4c99115e>Bonds</span></span></a></li><li class=""mds-site-navigation__list-item"" data-v-7b549a46 data-v-4c99115e><a href=""/markets"" tabindex=""0"" class=""mdc-link mds-site-navigation__list-item-inner mds-link mds-link--no-underline mdc-link--no-underline"" data-v-a973a906 data-v-7b549a46><span class=""mds-site-navigation__button mds-button mds-button--large mds-button--flat"" data-v-a973a906 data-v-7b549a46><span id=""site-nav__markets"" data-v-a973a906 data-v-4c99115e>Markets</span></span></a></li><li class=""mds-site-navigation__list-item"" data-v-7b549a46 data-v-4c99115e><a href=""/portfolio-manager"" tabindex=""0"" class=""mdc-link mds-site-navigation__list-item-inner mds-link mds-link--no-underline mdc-link--no-underline"" data-v-a973a906 data-v-7b549a46><span class=""mds-site-navigation__button mds-button mds-button--large mds-button--flat"" data-v-a973a906 data-v-7b549a46><span id=""site-nav__portfolio"" data-v-a973a906 data-v-4c99115e>Portfolio</span></span></a></li></ul></nav></div></div> <div id=""mdc-page-shell__site-navigation"" class=""mds-page-shell__site-navigation"" data-v-51d50d7f><div class=""mdc-page-shell__site-navigation-inner mds-page-shell__site-navigation-inner"" data-v-51d50d7f><nav aria-label=""Site Menu"" class=""mdc-site-navigation mds-site-navigation mds-site-navigation--vertical"" data-v-a2663010 data-v-4c99115e><div class=""mds-site-navigation__actions"" data-v-a2663010><button type=""button"" aria-label=""Close Main Menu"" tabindex=""0"" role=""button"" class=""mdc-button mds-button mds-button--icon-only mds-button--flat"" data-v-0c7aeab8 data-v-4c99115e><!----> <svg aria-hidden=""true"" class=""mdc-icon mds-icon mdc-button__content mdc-button__icon mds-button__icon mds-button__icon--left"" data-v-0c7aeab8><use xlink:href=""/assets/img/mds.3ec6f34.svg#remove""></use></svg> <!----> <!----> <!----></button></div>  <ul class=""mdc-list-group mds-list-group"" data-v-4c99115e><li class=""mdc-list-group__item mds-list-group__item mds-list-group__item--header"" data-v-57e2dd78 data-v-4c99115e>",,
						Investments,,
"						<!----> <!----> <!----> <!----></li><li class=""mdc-list-group__item mds-list-group__item mds-list-group__item--drawer-toggle"" data-v-57e2dd78 data-v-4c99115e><!----> <input type=""checkbox"" tabindex=""0"" aria-roledescription=""Click to expand"" class=""mds-list-group__toggle-input"" data-v-57e2dd78> <label tabindex=""-1"" class=""mds-list-group__toggle"" data-v-57e2dd78><svg aria-hidden=""true"" class=""mdc-icon mds-icon mds-list-group__toggle-icon mds-icon--s"" data-v-57e2dd78><use xlink:href=""/assets/img/mds.3ec6f34.svg#triangle-fill-down--s""></use></svg> <span class=""mds-list-group__toggle-text"" data-v-57e2dd78>",,
						Topics,,
"						</span></label> <ul class=""mds-list-group__sublist"" data-v-57e2dd78><li class=""mdc-list-group__item mds-list-group__item mds-list-group__item--sublist"" data-v-57e2dd78 data-v-4c99115e><a href=""/financial-advisors"" tabindex=""0"" class=""mdc-link mds-list-group__link"" data-v-a973a906 data-v-57e2dd78><!----> <span class=""mds-list-group__item-text"" data-v-a973a906 data-v-57e2dd78>",,
								Advisor Insights,,
"							 <!----></span> <!----> <!----> <!----></a> <!----> <!----> <!----></li><li class=""mdc-list-group__item mds-list-group__item mds-list-group__item--sublist"" data-v-57e2dd78 data-v-4c99115e><a href=""/personal-finance"" tabindex=""0"" class=""mdc-link mds-list-group__link"" data-v-a973a906 data-v-57e2dd78><!----> <span class=""mds-list-group__item-text"" data-v-a973a906 data-v-57e2dd78>",,
								Personal Finance,,
"							 <!----></span> <!----> <!----> <!----></a> <!----> <!----> <!----></li><li class=""mdc-list-group__item mds-list-group__item mds-list-group__item--sublist"" data-v-57e2dd78 data-v-4c99115e><a href=""/market-moments/coronavirus-economic-impact"" tabindex=""0"" class=""mdc-link mds-list-group__link"" data-v-a973a906 data-v-57e2dd78><!----> <span class=""mds-list-group__item-text"" data-v-a973a906 data-v-57e2dd78>",,
								Market Volatility,,
"							 <!----></span> <!----> <!----> <!----></a> <!----> <!----> <!----></li><li class=""mdc-list-group__item mds-list-group__item mds-list-group__item--sublist"" data-v-57e2dd78 data-v-4c99115e><a href=""/retirement-planning"" tabindex=""0"" class=""mdc-link mds-list-group__link"" data-v-a973a906 data-v-57e2dd78><!----> <span class=""mds-list-group__item-text"" data-v-a973a906 data-v-57e2dd78>",,
								Retirement Planning,,
"							 <!----></span> <!----> <!----> <!----></a> <!----> <!----> <!----></li><li class=""mdc-list-group__item mds-list-group__item mds-list-group__item--sublist"" data-v-57e2dd78 data-v-4c99115e><a href=""/start-investing"" tabindex=""0"" class=""mdc-link mds-list-group__link"" data-v-a973a906 data-v-57e2dd78><!----> <span class=""mds-list-group__item-text"" data-v-a973a906 data-v-57e2dd78>",,
								Start Investing,,
"							 <!----></span> <!----> <!----> <!----></a> <!----> <!----> <!----></li><li class=""mdc-list-group__item mds-list-group__item mds-list-group__item--sublist"" data-v-57e2dd78 data-v-4c99115e><a href=""/save-for-college"" tabindex=""0"" class=""mdc-link mds-list-group__link"" data-v-a973a906 data-v-57e2dd78><!----> <span class=""mds-list-group__item-text"" data-v-a973a906 data-v-57e2dd78>",,
								Save for College,,
"							 <!----></span> <!----> <!----> <!----></a> <!----> <!----> <!----></li><li class=""mdc-list-group__item mds-list-group__item mds-list-group__item--sublist"" data-v-57e2dd78 data-v-4c99115e><a href=""/best-investments"" tabindex=""0"" class=""mdc-link mds-list-group__link"" data-v-a973a906 data-v-57e2dd78><!----> <span class=""mds-list-group__item-text"" data-v-a973a906 data-v-57e2dd78>",,
								Best Investments,,
"							 <!----></span> <!----> <!----> <!----></a> <!----> <!----> <!----></li><li class=""mdc-list-group__item mds-list-group__item mds-list-group__item--sublist"" data-v-57e2dd78 data-v-4c99115e><a href=""/collections"" tabindex=""0"" class=""mdc-link mds-list-group__link"" data-v-a973a906 data-v-57e2dd78><!----> <span class=""mds-list-group__item-text"" data-v-a973a906 data-v-57e2dd78>",,
								See All,,
"							 <!----></span> <!----> <!----> <!----></a> <!----> <!----> <!----></li></ul></li><li class=""mdc-list-group__item mds-list-group__item"" data-v-57e2dd78 data-v-4c99115e><a href=""/topics/sustainable-investing"" tabindex=""0"" class=""mdc-link mds-list-group__link"" data-v-a973a906 data-v-57e2dd78><!----> <span class=""mds-list-group__item-text"" data-v-a973a906 data-v-57e2dd78>",,
						Sustainable Investing,,
"						<!----> <!----></span> <!----> <!----> <!----></a> <!----> <!----> <!----></li><li class=""mdc-list-group__item mds-list-group__item"" data-v-57e2dd78 data-v-4c99115e><a href=""/funds"" tabindex=""0"" class=""mdc-link mds-list-group__link"" data-v-a973a906 data-v-57e2dd78><!----> <span class=""mds-list-group__item-text"" data-v-a973a906 data-v-57e2dd78>",,
						Funds,,
"						<!----> <!----></span> <!----> <!----> <!----></a> <!----> <!----> <!----></li><li class=""mdc-list-group__item mds-list-group__item"" data-v-57e2dd78 data-v-4c99115e><a href=""/etfs"" tabindex=""0"" class=""mdc-link mds-list-group__link"" data-v-a973a906 data-v-57e2dd78><!----> <span class=""mds-list-group__item-text"" data-v-a973a906 data-v-57e2dd78>",,
						ETFs,,
"						<!----> <!----></span> <!----> <!----> <!----></a> <!----> <!----> <!----></li><li class=""mdc-list-group__item mds-list-group__item"" data-v-57e2dd78 data-v-4c99115e><a href=""/stocks"" tabindex=""0"" class=""mdc-link mds-list-group__link"" data-v-a973a906 data-v-57e2dd78><!----> <span class=""mds-list-group__item-text"" data-v-a973a906 data-v-57e2dd78>",,
						Stocks,,
"						<!----> <!----></span> <!----> <!----> <!----></a> <!----> <!----> <!----></li><li class=""mdc-list-group__item mds-list-group__item"" data-v-57e2dd78 data-v-4c99115e><a href=""/bonds"" tabindex=""0"" class=""mdc-link mds-list-group__link"" data-v-a973a906 data-v-57e2dd78><!----> <span class=""mds-list-group__item-text"" data-v-a973a906 data-v-57e2dd78>",,
						Bonds,,
"						<!----> <!----></span> <!----> <!----> <!----></a> <!----> <!----> <!----></li><li class=""mdc-list-group__item mds-list-group__item"" data-v-57e2dd78 data-v-4c99115e><a href=""/markets"" tabindex=""0"" class=""mdc-link mds-list-group__link"" data-v-a973a906 data-v-57e2dd78><!----> <span class=""mds-list-group__item-text"" data-v-a973a906 data-v-57e2dd78>",,
						Markets,,
"						<!----> <!----></span> <!----> <!----> <!----></a> <!----> <!----> <!----></li><li class=""mdc-list-group__item mds-list-group__item"" data-v-57e2dd78 data-v-4c99115e><a href=""/portfolio-manager"" tabindex=""0"" class=""mdc-link mds-list-group__link"" data-v-a973a906 data-v-57e2dd78><!----> <span class=""mds-list-group__item-text"" data-v-a973a906 data-v-57e2dd78>",,
						Portfolio,,
"						<!----> <!----></span> <!----> <!----> <!----></a> <!----> <!----> <!----></li><li class=""mdc-list-group__item mds-list-group__item mds-list-group__item--header"" data-v-57e2dd78 data-v-4c99115e>",,
						For Professionals,,
"						<!----> <!----> <!----> <!----></li><li class=""mdc-list-group__item mds-list-group__item mds-list-group__item--drawer-toggle"" data-v-57e2dd78 data-v-4c99115e><!----> <input type=""checkbox"" tabindex=""0"" aria-roledescription=""Click to expand"" class=""mds-list-group__toggle-input"" data-v-57e2dd78> <label tabindex=""-1"" class=""mds-list-group__toggle"" data-v-57e2dd78><svg aria-hidden=""true"" class=""mdc-icon mds-icon mds-list-group__toggle-icon mds-icon--s"" data-v-57e2dd78><use xlink:href=""/assets/img/mds.3ec6f34.svg#triangle-fill-down--s""></use></svg> <span class=""mds-list-group__toggle-text"" data-v-57e2dd78>",,
						Software &amp; Data Services,,
"						</span></label> <ul class=""mds-list-group__sublist"" data-v-57e2dd78><li class=""mdc-list-group__item mds-list-group__item mds-list-group__item--sublist"" data-v-57e2dd78 data-v-4c99115e><a href=""/products/direct"" tabindex=""0"" class=""mdc-link mds-list-group__link"" data-v-a973a906 data-v-57e2dd78><!----> <span class=""mds-list-group__item-text"" data-v-a973a906 data-v-57e2dd78>",,
								Morningstar Direct,,
"							 <!----></span> <!----> <!----> <!----></a> <!----> <!----> <!----></li><li class=""mdc-list-group__item mds-list-group__item mds-list-group__item--sublist"" data-v-57e2dd78 data-v-4c99115e><a href=""https://www.dbrsmorningstar.com/"" tabindex=""0"" class=""mdc-link mds-list-group__link"" data-v-a973a906 data-v-57e2dd78><!----> <span class=""mds-list-group__item-text"" data-v-a973a906 data-v-57e2dd78>",,
								DBRS Morningstar,,
"							 <!----></span> <!----> <!----> <!----></a> <!----> <!----> <!----></li><li class=""mdc-list-group__item mds-list-group__item mds-list-group__item--sublist"" data-v-57e2dd78 data-v-4c99115e><a href=""https://www.sustainalytics.com/"" tabindex=""0"" class=""mdc-link mds-list-group__link"" data-v-a973a906 data-v-57e2dd78><!----> <span class=""mds-list-group__item-text"" data-v-a973a906 data-v-57e2dd78>",,
								Sustainalytics,,
"							 <!----></span> <!----> <!----> <!----></a> <!----> <!----> <!----></li><li class=""mdc-list-group__item mds-list-group__item mds-list-group__item--sublist"" data-v-57e2dd78 data-v-4c99115e><a href=""https://pitchbook.com/"" tabindex=""0"" class=""mdc-link mds-list-group__link"" data-v-a973a906 data-v-57e2dd78><!----> <span class=""mds-list-group__item-text"" data-v-a973a906 data-v-57e2dd78>",,
								PitchBook,,
"							 <!----></span> <!----> <!----> <!----></a> <!----> <!----> <!----></li><li class=""mdc-list-group__item mds-list-group__item mds-list-group__item--sublist"" data-v-57e2dd78 data-v-4c99115e><a href=""/products/esg-investing"" tabindex=""0"" class=""mdc-link mds-list-group__link"" data-v-a973a906 data-v-57e2dd78><!----> <span class=""mds-list-group__item-text"" data-v-a973a906 data-v-57e2dd78>",,
								ESG Investing Solutions,,
"							 <!----></span> <!----> <!----> <!----></a> <!----> <!----> <!----></li><li class=""mdc-list-group__item mds-list-group__item mds-list-group__item--sublist"" data-v-57e2dd78 data-v-4c99115e><a href=""/products/research"" tabindex=""0"" class=""mdc-link mds-list-group__link"" data-v-a973a906 data-v-57e2dd78><!----> <span class=""mds-list-group__item-text"" data-v-a973a906 data-v-57e2dd78>",,
								Morningstar Research,,
"							 <!----></span> <!----> <!----> <!----></a> <!----> <!----> <!----></li><li class=""mdc-list-group__item mds-list-group__item mds-list-group__item--sublist"" data-v-57e2dd78 data-v-4c99115e><a href=""/products/data"" tabindex=""0"" class=""mdc-link mds-list-group__link"" data-v-a973a906 data-v-57e2dd78><!----> <span class=""mds-list-group__item-text"" data-v-a973a906 data-v-57e2dd78>",,
								Morningstar Data,,
"							 <!----></span> <!----> <!----> <!----></a> <!----> <!----> <!----></li></ul></li><li class=""mdc-list-group__item mds-list-group__item mds-list-group__item--drawer-toggle"" data-v-57e2dd78 data-v-4c99115e><!----> <input type=""checkbox"" tabindex=""0"" aria-roledescription=""Click to expand"" class=""mds-list-group__toggle-input"" data-v-57e2dd78> <label tabindex=""-1"" class=""mds-list-group__toggle"" data-v-57e2dd78><svg aria-hidden=""true"" class=""mdc-icon mds-icon mds-list-group__toggle-icon mds-icon--s"" data-v-57e2dd78><use xlink:href=""/assets/img/mds.3ec6f34.svg#triangle-fill-down--s""></use></svg> <span class=""mds-list-group__toggle-text"" data-v-57e2dd78>",,
						Money Management,,
"						</span></label> <ul class=""mds-list-group__sublist"" data-v-57e2dd78><li class=""mdc-list-group__item mds-list-group__item mds-list-group__item--sublist"" data-v-57e2dd78 data-v-4c99115e><a href=""https://indexes.morningstar.com/?utm_source=retail&amp;utm_medium=main"" tabindex=""0"" class=""mdc-link mds-list-group__link"" data-v-a973a906 data-v-57e2dd78><!----> <span class=""mds-list-group__item-text"" data-v-a973a906 data-v-57e2dd78>",,
								Morningstar Indexes,,
"							 <!----></span> <!----> <!----> <!----></a> <!----> <!----> <!----></li><li class=""mdc-list-group__item mds-list-group__item mds-list-group__item--sublist"" data-v-57e2dd78 data-v-4c99115e><a href=""https://mp.morningstar.com/en-us"" tabindex=""0"" class=""mdc-link mds-list-group__link"" data-v-a973a906 data-v-57e2dd78><!----> <span class=""mds-list-group__item-text"" data-v-a973a906 data-v-57e2dd78>",,
								Morningstar Managed Portfolios,,
"							 <!----></span> <!----> <!----> <!----></a> <!----> <!----> <!----></li><li class=""mdc-list-group__item mds-list-group__item mds-list-group__item--sublist"" data-v-57e2dd78 data-v-4c99115e><a href=""/products/retirement-manager"" tabindex=""0"" class=""mdc-link mds-list-group__link"" data-v-a973a906 data-v-57e2dd78><!----> <span class=""mds-list-group__item-text"" data-v-a973a906 data-v-57e2dd78>",,
								Morningstar Retirement Manager,,
"							 <!----></span> <!----> <!----> <!----></a> <!----> <!----> <!----></li></ul></li><li class=""mdc-list-group__item mds-list-group__item"" data-v-57e2dd78 data-v-4c99115e><a href=""/products/professional-investment-solutions"" tabindex=""0"" class=""mdc-link mds-list-group__link"" data-v-a973a906 data-v-57e2dd78><!----> <span class=""mds-list-group__item-text"" data-v-a973a906 data-v-57e2dd78>",,
						Solutions for Business,,
"						<!----> <!----></span> <!----> <!----> <!----></a> <!----> <!----> <!----></li><li class=""mdc-list-group__item mds-list-group__item"" data-v-57e2dd78 data-v-4c99115e><a href=""/products"" tabindex=""0"" class=""mdc-link mds-list-group__link"" data-v-a973a906 data-v-57e2dd78><!----> <span class=""mds-list-group__item-text"" data-v-a973a906 data-v-57e2dd78>",,
						All Products &amp; Services,,
"						<!----> <!----></span> <!----> <!----> <!----></a> <!----> <!----> <!----></li><li class=""mdc-list-group__item mds-list-group__item mds-list-group__item--header"" data-v-57e2dd78 data-v-4c99115e>",,
						Company,,
"						<!----> <!----> <!----> <!----></li><li class=""mdc-list-group__item mds-list-group__item mds-list-group__item--drawer-toggle"" data-v-57e2dd78 data-v-4c99115e><!----> <input type=""checkbox"" tabindex=""0"" aria-roledescription=""Click to expand"" class=""mds-list-group__toggle-input"" data-v-57e2dd78> <label tabindex=""-1"" class=""mds-list-group__toggle"" data-v-57e2dd78><svg aria-hidden=""true"" class=""mdc-icon mds-icon mds-list-group__toggle-icon mds-icon--s"" data-v-57e2dd78><use xlink:href=""/assets/img/mds.3ec6f34.svg#triangle-fill-down--s""></use></svg> <span class=""mds-list-group__toggle-text"" data-v-57e2dd78>",,
						About,,
"						</span></label> <ul class=""mds-list-group__sublist"" data-v-57e2dd78><li class=""mdc-list-group__item mds-list-group__item mds-list-group__item--sublist"" data-v-57e2dd78 data-v-4c99115e><a href=""/company"" tabindex=""0"" class=""mdc-link mds-list-group__link"" data-v-a973a906 data-v-57e2dd78><!----> <span class=""mds-list-group__item-text"" data-v-a973a906 data-v-57e2dd78>",,
								Who We Are,,
"							 <!----></span> <!----> <!----> <!----></a> <!----> <!----> <!----></li><li class=""mdc-list-group__item mds-list-group__item mds-list-group__item--sublist"" data-v-57e2dd78 data-v-4c99115e><a href=""/careers"" tabindex=""0"" class=""mdc-link mds-list-group__link"" data-v-a973a906 data-v-57e2dd78><!----> <span class=""mds-list-group__item-text"" data-v-a973a906 data-v-57e2dd78>",,
								Careers,,
"							 <!----></span> <!----> <!----> <!----></a> <!----> <!----> <!----></li><li class=""mdc-list-group__item mds-list-group__item mds-list-group__item--sublist"" data-v-57e2dd78 data-v-4c99115e><a href=""/company/diversity"" tabindex=""0"" class=""mdc-link mds-list-group__link"" data-v-a973a906 data-v-57e2dd78><!----> <span class=""mds-list-group__item-text"" data-v-a973a906 data-v-57e2dd78>",,
"							 <!----></span> <!----> <!----> <!----></a> <!----> <!----> <!----></li><li class=""mdc-list-group__item mds-list-group__item mds-list-group__item--sublist"" data-v-57e2dd78 data-v-4c99115e><a href=""/company/corporate-sustainability"" tabindex=""0"" class=""mdc-link mds-list-group__link"" data-v-a973a906 data-v-57e2dd78><!----> <span class=""mds-list-group__item-text"" data-v-a973a906 data-v-57e2dd78>",,
								Corporate Sustainability,,
"							 <!----></span> <!----> <!----> <!----></a> <!----> <!----> <!----></li><li class=""mdc-list-group__item mds-list-group__item mds-list-group__item--sublist"" data-v-57e2dd78 data-v-4c99115e><a href=""/company/privacy-center"" tabindex=""0"" class=""mdc-link mds-list-group__link"" data-v-a973a906 data-v-57e2dd78><!----> <span class=""mds-list-group__item-text"" data-v-a973a906 data-v-57e2dd78>",,
								Privacy,,
"							 <!----></span> <!----> <!----> <!----></a> <!----> <!----> <!----></li></ul></li><li class=""mdc-list-group__item mds-list-group__item mds-list-group__item--drawer-toggle"" data-v-57e2dd78 data-v-4c99115e><!----> <input type=""checkbox"" tabindex=""0"" aria-roledescription=""Click to expand"" class=""mds-list-group__toggle-input"" data-v-57e2dd78> <label tabindex=""-1"" class=""mds-list-group__toggle"" data-v-57e2dd78><svg aria-hidden=""true"" class=""mdc-icon mds-icon mds-list-group__toggle-icon mds-icon--s"" data-v-57e2dd78><use xlink:href=""/assets/img/mds.3ec6f34.svg#triangle-fill-down--s""></use></svg> <span class=""mds-list-group__toggle-text"" data-v-57e2dd78>",,
						Events,,
"						</span></label> <ul class=""mds-list-group__sublist"" data-v-57e2dd78><li class=""mdc-list-group__item mds-list-group__item mds-list-group__item--sublist"" data-v-57e2dd78 data-v-4c99115e><a href=""/en-us/events/mic"" tabindex=""0"" class=""mdc-link mds-list-group__link"" data-v-a973a906 data-v-57e2dd78><!----> <span class=""mds-list-group__item-text"" data-v-a973a906 data-v-57e2dd78>",,
								Morningstar Investment Conference,,
"							 <!----></span> <!----> <!----> <!----></a> <!----> <!----> <!----></li><li class=""mdc-list-group__item mds-list-group__item mds-list-group__item--sublist"" data-v-57e2dd78 data-v-4c99115e><a href=""https://go.morningstar.com/morningstar-awards"" tabindex=""0"" class=""mdc-link mds-list-group__link"" data-v-a973a906 data-v-57e2dd78><!----> <span class=""mds-list-group__item-text"" data-v-a973a906 data-v-57e2dd78>",,
								Awards,,
"							 <!----></span> <!----> <!----> <!----></a> <!----> <!----> <!----></li><li class=""mdc-list-group__item mds-list-group__item mds-list-group__item--sublist"" data-v-57e2dd78 data-v-4c99115e><a href=""https://www.morningstar.com/company/events/webinars"" tabindex=""0"" class=""mdc-link mds-list-group__link"" data-v-a973a906 data-v-57e2dd78><!----> <span class=""mds-list-group__item-text"" data-v-a973a906 data-v-57e2dd78>",,
								Webinars,,
"							 <!----></span> <!----> <!----> <!----></a> <!----> <!----> <!----></li></ul></li><li class=""mdc-list-group__item mds-list-group__item"" data-v-57e2dd78 data-v-4c99115e><a href=""https://newsroom.morningstar.com/"" tabindex=""0"" class=""mdc-link mds-list-group__link"" data-v-a973a906 data-v-57e2dd78><!----> <span class=""mds-list-group__item-text"" data-v-a973a906 data-v-57e2dd78>",,
						Newsroom,,
"						<!----> <!----></span> <!----> <!----> <!----></a> <!----> <!----> <!----></li><li class=""mdc-list-group__item mds-list-group__item"" data-v-57e2dd78 data-v-4c99115e><a href=""https://shareholders.morningstar.com/"" tabindex=""0"" class=""mdc-link mds-list-group__link"" data-v-a973a906 data-v-57e2dd78><!----> <span class=""mds-list-group__item-text"" data-v-a973a906 data-v-57e2dd78>",,
						Investor Relations,,
"						<!----> <!----></span> <!----> <!----> <!----></a> <!----> <!----> <!----></li></ul></nav></div></div> <div class=""mdc-page-shell__content mds-page-shell__content"" data-v-51d50d7f><a id=""start-of-content"" tabindex=""-1"" data-v-51d50d7f></a> <main itemscope=""itemscope"" itemtype=""https://schema.org/Corporation"" class=""stock"" data-v-4c99115e><meta itemprop=""tickerSymbol"" content=""XNYS KO""> <aside aria-label=""Stock Header Ads"" class=""mdc-leaderboard""><div class=""mdc-bar mdc-leaderboard__bar mdc-bar--full-width""><div class=""mdc-leaderboard__flex""><div class=""mdc-ad mdc-leaderboard__ad mdc-ad--show-at-xs-plus"" style=""height:90px;width:728px;""></div> <div class=""mdc-ad mdc-leaderboard__ad--buddy mdc-ad--show-at-lg-plus"" style=""height:90px;width:195px;""></div></div></div></aside> <div class=""stock__header""><header><div class=""mdc-security-header""><div class=""mdc-security-header__inner""><h1 class=""mdc-heading mdc-security-header__name mdc-heading--level-2 mdc-heading--bold""><span itemprop=""name"">Coca-Cola Co - Stock Financials</span> <abbr class=""mdc-security-header__name-ticker"">",,
					KO,,
"				</abbr></h1> <div class=""mdc-security-header__details""><a aria-label=""Subscribe to access Morningstar Rating"" href=""https://investor.morningstar.com/mm/learn"" tabindex=""0"" class=""mdc-link mdc-security-header__star-rating mdc-security-header__star-rating--locked mds-link mds-link--no-underline mdc-link--no-underline"" data-v-a973a906><svg aria-hidden=""true"" class=""mdc-icon mds-icon""><use xlink:href=""/assets/img/mdc.ed3c448.svg#lock-red""></use></svg> Morningstar Rating",,
"			</a> <!----></div></div> <div class=""mdc-security-header__rating-description"">",,
			Rating as of,,
"			<time datetime=""2022-07-22"">Jul 22"," 2022</time></div></div></header> <aside aria-label=""Stocks Top Right Header Ad"" class=""stock__header-ad""><div class=""mdc-ad mdc-ad--show-at-md-plus"" style=""height:60px;width:120px;""></div></aside></div> <nav aria-label=""Stock Page Tab Bar"" role=""navigation"" class=""mdc-tab-bar stock__tab-bar mdc-tab-bar--tertiary"" data-v-44978f46><button aria-label=""Scroll left on tab bar"" class=""mdc-tab-bar__prev"" data-v-44978f46><svg aria-hidden=""true"" class=""mdc-icon mds-icon mds-icon--s"" data-v-44978f46><use xlink:href=""/assets/img/mds.3ec6f34.svg#angle-left--s""></use></svg></button> <ul class=""mdc-tab-bar__inner"" data-v-44978f46><li id=""stock__tab-quote"" class=""mdc-tab-bar-item"" data-v-050b85f0><a href=""/stocks/xnys/ko/quote"" tabindex=""0"" class=""mdc-link mdc-tab-bar-item"" data-v-a973a906 data-v-050b85f0><span class=""mdc-tab-bar-item__inner"" data-v-a973a906 data-v-050b85f0><span class=""mdc-tab-bar-item__button mds-button mds-button--flat"" data-v-a973a906 data-v-050b85f0>",
			Quote,,
"		</span></span></a></li><li id=""stock__tab-market-chart"" class=""mdc-tab-bar-item"" data-v-050b85f0><a href=""/stocks/xnys/ko/chart"" tabindex=""0"" class=""mdc-link mdc-tab-bar-item"" data-v-a973a906 data-v-050b85f0><span class=""mdc-tab-bar-item__inner"" data-v-a973a906 data-v-050b85f0><span class=""mdc-tab-bar-item__button mds-button mds-button--flat"" data-v-a973a906 data-v-050b85f0>",,
			Chart,,
"		</span></span></a></li><li id=""stock__tab-analysis"" class=""mdc-tab-bar-item"" data-v-050b85f0><a href=""/stocks/xnys/ko/analysis"" tabindex=""0"" class=""mdc-link mdc-tab-bar-item"" data-v-a973a906 data-v-050b85f0><span class=""mdc-tab-bar-item__inner"" data-v-a973a906 data-v-050b85f0><span class=""mdc-tab-bar-item__button mds-button mds-button--flat"" data-v-a973a906 data-v-050b85f0>",,
			Stock Analysis,,
"		</span></span></a></li><li id=""stock__tab-news"" class=""mdc-tab-bar-item"" data-v-050b85f0><a href=""/stocks/xnys/ko/news"" tabindex=""0"" class=""mdc-link mdc-tab-bar-item"" data-v-a973a906 data-v-050b85f0><span class=""mdc-tab-bar-item__inner"" data-v-a973a906 data-v-050b85f0><span class=""mdc-tab-bar-item__button mds-button mds-button--flat"" data-v-a973a906 data-v-050b85f0>",,
			News,,
"		</span></span></a></li><li id=""stock__tab-price-vs-fair-value"" class=""mdc-tab-bar-item"" data-v-050b85f0><a href=""/stocks/xnys/ko/price-fair-value"" tabindex=""0"" class=""mdc-link mdc-tab-bar-item"" data-v-a973a906 data-v-050b85f0><span class=""mdc-tab-bar-item__inner"" data-v-a973a906 data-v-050b85f0><span class=""mdc-tab-bar-item__button mds-button mds-button--flat"" data-v-a973a906 data-v-050b85f0>",,
			Price vs Fair Value,,
"		</span></span></a></li><li id=""stock__tab-sustainability"" class=""mdc-tab-bar-item"" data-v-050b85f0><a href=""/stocks/xnys/ko/sustainability"" tabindex=""0"" class=""mdc-link mdc-tab-bar-item"" data-v-a973a906 data-v-050b85f0><span class=""mdc-tab-bar-item__inner"" data-v-a973a906 data-v-050b85f0><span class=""mdc-tab-bar-item__button mds-button mds-button--flat"" data-v-a973a906 data-v-050b85f0>",,
			Sustainability,,
"		</span></span></a></li><li id=""stock__tab-trailing-returns"" class=""mdc-tab-bar-item"" data-v-050b85f0><a href=""/stocks/xnys/ko/trailing-returns"" tabindex=""0"" class=""mdc-link mdc-tab-bar-item"" data-v-a973a906 data-v-050b85f0><span class=""mdc-tab-bar-item__inner"" data-v-a973a906 data-v-050b85f0><span class=""mdc-tab-bar-item__button mds-button mds-button--flat"" data-v-a973a906 data-v-050b85f0>",,
			Trailing Returns,,
"		</span></span></a></li><li id=""stock__tab-financials"" class=""mdc-tab-bar-item"" data-v-050b85f0><a href=""/stocks/xnys/ko/financials"" tabindex=""0"" class=""mdc-link mdc-tab-bar-item mdc-link--active mdc-link--exact-active mdc-tab-bar-item--active mdc-tab-bar-item--exact-active"" data-v-a973a906 data-v-050b85f0><span class=""mdc-tab-bar-item__inner"" data-v-a973a906 data-v-050b85f0><span class=""mdc-tab-bar-item__button mds-button mds-button--flat"" data-v-a973a906 data-v-050b85f0>",,
			Financials,,
"		</span></span></a></li><li id=""stock__tab-valuation"" class=""mdc-tab-bar-item"" data-v-050b85f0><a href=""/stocks/xnys/ko/valuation"" tabindex=""0"" class=""mdc-link mdc-tab-bar-item"" data-v-a973a906 data-v-050b85f0><span class=""mdc-tab-bar-item__inner"" data-v-a973a906 data-v-050b85f0><span class=""mdc-tab-bar-item__button mds-button mds-button--flat"" data-v-a973a906 data-v-050b85f0>",,
			Valuation,,
"		</span></span></a></li><li id=""stock__tab-stocks-performance"" class=""mdc-tab-bar-item"" data-v-050b85f0><a href=""/stocks/xnys/ko/performance"" tabindex=""0"" class=""mdc-link mdc-tab-bar-item"" data-v-a973a906 data-v-050b85f0><span class=""mdc-tab-bar-item__inner"" data-v-a973a906 data-v-050b85f0><span class=""mdc-tab-bar-item__button mds-button mds-button--flat"" data-v-a973a906 data-v-050b85f0>",,
			Operating Performance,,
"		</span></span></a></li><li id=""stock__tab-dividends"" class=""mdc-tab-bar-item"" data-v-050b85f0><a href=""/stocks/xnys/ko/dividends"" tabindex=""0"" class=""mdc-link mdc-tab-bar-item"" data-v-a973a906 data-v-050b85f0><span class=""mdc-tab-bar-item__inner"" data-v-a973a906 data-v-050b85f0><span class=""mdc-tab-bar-item__button mds-button mds-button--flat"" data-v-a973a906 data-v-050b85f0>",,
			Dividends,,
"		</span></span></a></li><li id=""stock__tab-ownership"" class=""mdc-tab-bar-item"" data-v-050b85f0><a href=""/stocks/xnys/ko/ownership"" tabindex=""0"" class=""mdc-link mdc-tab-bar-item"" data-v-a973a906 data-v-050b85f0><span class=""mdc-tab-bar-item__inner"" data-v-a973a906 data-v-050b85f0><span class=""mdc-tab-bar-item__button mds-button mds-button--flat"" data-v-a973a906 data-v-050b85f0>",,
			Ownership,,
"		</span></span></a></li><li id=""stock__tab-executive"" class=""mdc-tab-bar-item"" data-v-050b85f0><a href=""/stocks/xnys/ko/executive"" tabindex=""0"" class=""mdc-link mdc-tab-bar-item"" data-v-a973a906 data-v-050b85f0><span class=""mdc-tab-bar-item__inner"" data-v-a973a906 data-v-050b85f0><span class=""mdc-tab-bar-item__button mds-button mds-button--flat"" data-v-a973a906 data-v-050b85f0>",,
			Executive,,
"		</span></span></a></li></ul> <button aria-label=""Scroll right on tab bar"" class=""mdc-tab-bar__next"" data-v-44978f46><svg aria-hidden=""true"" class=""mdc-icon mds-icon mds-icon--s"" data-v-44978f46><use xlink:href=""/assets/img/mds.3ec6f34.svg#angle-right--s""></use></svg></button></nav> <div class=""stock__content""><div class=""mdc-grid mds-layout-grid"" data-v-bcc0c73a><div class=""mdc-row mds-layout-grid__row"" data-v-18387644><div class=""mdc-column mds-layout-grid__col stock__content-sal mds-layout-grid__col--12 mds-layout-grid__col--auto-at-1092"" data-v-0ef6d8d7><div class=""stock__content-sal-chart"" data-v-0ef6d8d7><!----></div> <!----> <!----></div> <div class=""mdc-column mds-layout-grid__col stock__content-ad mds-layout-grid__col--12 mds-layout-grid__col--auto-at-1092"" data-v-0ef6d8d7><aside aria-label=""Top Right Ad"" data-v-0ef6d8d7><div class=""mdc-ad mdc-ad--show-at-lg-plus"" style=""height:250px;width:300px;""></div> <div class=""mdc-ad mdc-ad--textlink mdc-ad--show-at-lg-plus"" style=""height:50px;width:300px;""></div></aside> <!----> <aside aria-label=""Top Right Dynamic Offer"" data-v-0ef6d8d7><div class=""mdc-ad mdc-ad--show-at-lg-plus"" style=""height:auto;width:auto;max-height:initial;""></div></aside></div></div> <!----> <!----></div></div> <aside aria-label=""Stocks Bar Ad"" class=""stock__ad""><div class=""mdc-bar""><div class=""mdc-ad mdc-ad--show-at-xs mdc-ad--show-at-sm mdc-ad--show-at-md"" style=""height:250px;width:300px;""></div> <div class=""mdc-ad stock__content-ad mdc-ad--textlink mdc-ad--show-at-xs mdc-ad--show-at-sm mdc-ad--show-at-md"" style=""height:50px;width:300px;""></div></div></aside> <section class=""stock__section stock__section--sponsor-center""><div class=""mdc-header mds-header sponsor-center__header mds-header--level-6 mds-header--primary"" data-v-14f0af7e><h2 tabindex=""0"" class=""mdc-header__title mds-header__title"" data-v-14f0af7e>",,
			Sponsor Center,,
"		</h2> <!----></div> <div class=""mdc-sponsor-center""><div class=""mdc-sponsor-center__inner""><div id=""mdc-sponsor-ad-1"" class=""mdc-ad mdc-sponsor-center__ad"" style=""height:60px;width:120px;""></div> <div id=""mdc-sponsor-ad-2"" class=""mdc-ad mdc-sponsor-center__ad"" style=""height:60px;width:120px;""></div> <div id=""mdc-sponsor-ad-3"" class=""mdc-ad mdc-sponsor-center__ad"" style=""height:60px;width:120px;""></div> <div id=""mdc-sponsor-ad-4"" class=""mdc-ad mdc-sponsor-center__ad"" style=""height:60px;width:120px;""></div> <div id=""mdc-sponsor-ad-5"" class=""mdc-ad mdc-sponsor-center__ad"" style=""height:60px;width:120px;""></div></div></div></section> <aside aria-label=""Stock Fooder Ads"" class=""mdc-leaderboard mdc-leaderboard--footer""><div class=""mdc-bar mdc-leaderboard__bar mdc-bar--full-width""><div class=""mdc-leaderboard__flex""><div class=""mdc-ad mdc-leaderboard__ad mdc-ad--show-at-xs-plus"" style=""height:90px;width:728px;""></div> <!----></div></div></aside></main> <aside class=""mdc-transparency-drawer mds-accordion"" data-v-4c99115e><input id=""transparency-drawer--main-accordion"" type=""checkbox"" aria-controls=""mds-accordion-transparency-drawer"" tabindex=""-1"" class=""mds-accordion__trigger""> <label for=""transparency-drawer--main-accordion"" class=""row-container section mds-accordion__label""><div class=""mdc-transparency-drawer__heading""><img src=""https://images.contentstack.io/v3/assets/blt4eb669caa7dc65b2/blt39ce1d6a5e7be3d0/60809fdf6371c75a11ada75c/transparency.svg"" alt="""" width=""240px"" height=""89px"" class=""mdc-image mdc-transparency-drawer__main-image""> <div class=""mdc-transparency-drawer__heading-right""><h2 tabindex=""0"" class=""mdc-heading mdc-heading--level-3"">",,
					Transparency is our policy. Learn how it impacts everything we do.,,
"				</h2> <button type=""button"" tabindex=""0"" role=""button"" class=""mdc-button mds-button mds-button--flat mds-button--large"" data-v-0c7aeab8><!----> <!----> <!----> <span class=""mdc-button__content"" data-v-0c7aeab8>",,
					Read More,,
"				</span> <svg aria-hidden=""true"" class=""mdc-icon mds-icon mdc-button__content mdc-button__icon mds-button__icon mds-button__icon--right"" data-v-0c7aeab8><use xlink:href=""/assets/img/mds.3ec6f34.svg#caret-down""></use></svg></button></div></div></label> <div id=""mds-accordion-transparency-drawer"" class=""mdc-grid mds-layout-grid mds-accordion__content"" data-v-bcc0c73a><div class=""mdc-row mds-layout-grid__row"" data-v-18387644><div class=""mdc-column mds-layout-grid__col mds-layout-grid__col--12 mds-layout-grid__col--6-at-768 mds-layout-grid__col--3-at-1092"" data-v-0ef6d8d7><div tabindex=""0"" class=""mdc-transparency-drawer__main-description"" data-v-0ef6d8d7><p>Transparency is how we protect the integrity of our work and keep empowering investors to achieve their goals and dreams. And we have unwavering standards for how we keep that integrity intact", from our research and data to our policies on content and your personal data. </p>,
"<p>Weâ€™d like to share more about how we work and what drives our day-to-day business.</p></div></div> <div class=""mdc-column mds-layout-grid__col mds-layout-grid__col--12 mds-layout-grid__col--6-at-768 mds-layout-grid__col--9-at-1092"" data-v-0ef6d8d7><div class=""mdc-grid mds-layout-grid"" data-v-bcc0c73a><div class=""mdc-row mds-layout-grid__row mdc-transparency-drawer__accordions-container"" data-v-18387644><div class=""mdc-column mds-layout-grid__col mds-layout-grid__col--12 mds-layout-grid__col--4-at-1092"" data-v-0ef6d8d7><div aria-labelledby=""transparency-drawer-accordion-1--title"" class=""mds-module-container"" data-v-0ef6d8d7><div class=""mds-accordion mdc-transparency-drawer__secondary-accordion"" data-v-0ef6d8d7><input id=""transparency-drawer-accordion-1"" type=""checkbox"" aria-controls=""mds-accordion-transparency-drawer--1"" aria-roledescription=""Click to expand"" tabindex=""0"" class=""mds-accordion__trigger"" data-v-0ef6d8d7> <label for=""transparency-drawer-accordion-1"" tabindex=""-1"" class=""mds-accordion__label"" data-v-0ef6d8d7><img src=""https://images.contentstack.io/v3/assets/blt4eb669caa7dc65b2/blt3bce7cffbeb60a42/60809fdf26fd84453c018424/make-money.svg"" alt="""" width=""85px"" height=""64px"" class=""mdc-image""> <div id=""transparency-drawer-accordion-1--title"" class=""mdc-header mds-header mds-header--level-5 mds-header--primary mds-header--border-bottom"" data-v-14f0af7e><h3 tabindex=""-1"" class=""mdc-header__title mds-header__title"" data-v-14f0af7e>",,
											How we make money,,
"										</h3> <!----></div></label> <section id=""mds-accordion-transparency-drawer--1"" tabindex=""0"" class=""mds-accordion__content"" data-v-0ef6d8d7><p>We sell different types of products and services to both investment professionals and individual investors. These products and services are usually sold through license agreements or subscriptions. Our investment management business generates asset-based fees", which are calculated as a percentage of assets under management. We also sell both admissions and sponsorship packages for our investment conferences and advertising on our websites and newsletters. <br></p>,
"<p></p></section></div></div></div> <div class=""mdc-column mds-layout-grid__col mds-layout-grid__col--12 mds-layout-grid__col--4-at-1092"" data-v-0ef6d8d7><div aria-labelledby=""transparency-drawer-accordion-2--title"" class=""mds-module-container"" data-v-0ef6d8d7><div class=""mds-accordion mdc-transparency-drawer__secondary-accordion"" data-v-0ef6d8d7><input id=""transparency-drawer-accordion-2"" type=""checkbox"" aria-controls=""mds-accordion-transparency-drawer--2"" aria-roledescription=""Click to expand"" tabindex=""0"" class=""mds-accordion__trigger"" data-v-0ef6d8d7> <label for=""transparency-drawer-accordion-2"" tabindex=""-1"" class=""mds-accordion__label"" data-v-0ef6d8d7><img src=""https://images.contentstack.io/v3/assets/blt4eb669caa7dc65b2/blt218bb7805fb32c9a/60809fdfb35a7a3c69a379ff/personal-data.svg"" alt="""" width=""85px"" height=""64px"" class=""mdc-image""> <div id=""transparency-drawer-accordion-2--title"" class=""mdc-header mds-header mds-header--level-5 mds-header--primary mds-header--border-bottom"" data-v-14f0af7e><h3 tabindex=""-1"" class=""mdc-header__title mds-header__title"" data-v-14f0af7e>",,
											How we use your personal data,,
<p>To learn more about how we handle and protect your data," visit our <a href=""/company/privacy-center"">privacy center</a>.</p></section></div></div></div> <div class=""mdc-column mds-layout-grid__col mds-layout-grid__col--12 mds-layout-grid__col--4-at-1092"" data-v-0ef6d8d7><div aria-labelledby=""transparency-drawer-accordion-3--title"" class=""mds-module-container"" data-v-0ef6d8d7><div class=""mds-accordion mdc-transparency-drawer__secondary-accordion"" data-v-0ef6d8d7><input id=""transparency-drawer-accordion-3"" type=""checkbox"" aria-controls=""mds-accordion-transparency-drawer--3"" aria-roledescription=""Click to expand"" tabindex=""0"" class=""mds-accordion__trigger"" data-v-0ef6d8d7> <label for=""transparency-drawer-accordion-3"" tabindex=""-1"" class=""mds-accordion__label"" data-v-0ef6d8d7><img src=""https://images.contentstack.io/v3/assets/blt4eb669caa7dc65b2/blta8bf8e458b569f88/60809fdf03ce953dac756a01/editorial-content.svg"" alt="""" width=""85px"" height=""64px"" class=""mdc-image""> <div id=""transparency-drawer-accordion-3--title"" class=""mdc-header mds-header mds-header--level-5 mds-header--primary mds-header--border-bottom"" data-v-14f0af7e><h3 tabindex=""-1"" class=""mdc-header__title mds-header__title"" data-v-14f0af7e>",
											How we approach editorial content,,
<p>To further protect the integrity of our editorial content, we keep a strict separation between our sales teams and authors to remove any pressure or influence on our analyses and research.</p>,
"<p>Read our <a href=""/editorial-policy"">editorial policy</a> to learn more about our process.</p></section></div></div></div></div></div></div></div></div></aside></div> <footer class=""mdc-page-shell__footer"" data-v-51d50d7f><div class=""mdc-page-shell__footer-container"" data-v-51d50d7f><div itemid=""#morningstar"" itemscope=""itemscope"" itemtype=""https://schema.org/Organization"" data-v-12595b26 data-v-4c99115e><link itemprop=""url"" href=""https://www.morningstar.com/"" data-v-12595b26> <span itemprop=""logo image"" itemscope=""itemscope"" itemtype=""https://schema.org/ImageObject"" data-v-12595b26><link itemprop=""url contentUrl"" href=""https://www.morningstar.com/assets/img/morningstar-600px.bb30655.png"" data-v-12595b26> <meta itemprop=""width"" content=""600px"" data-v-12595b26></span> <link itemprop=""publishingPrinciples"" href=""https://www.morningstar.com/editorial-policy"" data-v-12595b26> <meta itemprop=""name"" content=""Morningstar"," Inc."" data-v-12595b26> <meta itemprop=""slogan"" content=""Empowering Investor Success"" data-v-12595b26> <h2 class=""mdc-footer-heading"" data-v-12595b26>Site Index</h2> <div class=""mdc-grid mds-layout-grid mdc-footer__wrapper"" data-v-bcc0c73a data-v-12595b26><div class=""mdc-row mds-layout-grid__row mdc-footer__section mdc-footer__section--top"" data-v-18387644 data-v-12595b26><div class=""mdc-column mds-layout-grid__col mds-layout-grid__col--12 mds-layout-grid__col--4-at-1092"" data-v-0ef6d8d7 data-v-12595b26><a href=""/"" tabindex=""0"" class=""mdc-link mdc-link--active"" data-v-a973a906 data-v-12595b26><img alt=""Morningstar"" src=""/assets/img/morningstar-70px.0ea2b33.svg"" width=""126"" height=""36"" class=""mdc-footer__logo"" data-v-a973a906 data-v-12595b26></a> <div class=""mdc-footer__socials-wrapper"" data-v-0ef6d8d7 data-v-12595b26><a aria-label=""Visit us on Facebook"" href=""https://www.facebook.com/MorningstarInc"" tabindex=""0"" target=""_blank"" itemprop=""sameAs"" class=""mdc-link mdc-footer__social-link"" data-v-a973a906 data-v-12595b26><svg aria-hidden=""true"" class=""mdc-icon mds-icon mdc-footer__social-icon"" data-v-12595b26><use xlink:href=""/assets/img/mdc.ed3c448.svg#facebook""></use></svg></a> <a aria-label=""Visit us on Twitter"" href=""https://twitter.com/MorningstarInc"" tabindex=""0"" target=""_blank"" itemprop=""sameAs"" class=""mdc-link mdc-footer__social-link"" data-v-a973a906 data-v-12595b26><svg aria-hidden=""true"" class=""mdc-icon mds-icon mdc-footer__social-icon"" data-v-12595b26><use xlink:href=""/assets/img/mdc.ed3c448.svg#twitter""></use></svg></a> <a aria-label=""Visit us on LinkedIn"" href=""https://www.linkedin.com/company/morningstar"" tabindex=""0"" target=""_blank"" itemprop=""sameAs"" class=""mdc-link mdc-footer__social-link"" data-v-a973a906 data-v-12595b26><svg aria-hidden=""true"" class=""mdc-icon mds-icon mdc-footer__social-icon"" data-v-12595b26><use xlink:href=""/assets/img/mdc.ed3c448.svg#linkedIn""></use></svg></a> <a aria-label=""Visit us on Youtube"" href=""https://www.youtube.com/user/morningstar"" tabindex=""0"" target=""_blank"" itemprop=""sameAs"" class=""mdc-link mdc-footer__social-link"" data-v-a973a906 data-v-12595b26><svg aria-hidden=""true"" class=""mdc-icon mds-icon mdc-footer__social-icon"" data-v-12595b26><use xlink:href=""/assets/img/mdc.ed3c448.svg#youtube""></use></svg></a> <a aria-label=""Visit us on Instagram"" href=""https://www.instagram.com/morningstarinc"" tabindex=""0"" target=""_blank"" itemprop=""sameAs"" class=""mdc-link mdc-footer__social-link"" data-v-a973a906 data-v-12595b26><svg aria-hidden=""true"" class=""mdc-icon mds-icon mdc-footer__social-icon"" data-v-12595b26><use xlink:href=""/assets/img/mdc.ed3c448.svg#instagram""></use></svg></a> <a aria-label=""Visit us on Apple-News"" href=""https://apple.news/TVz1ZH812QrSloMH1yiAZUA"" tabindex=""0"" target=""_blank"" itemprop=""sameAs"" class=""mdc-link mdc-footer__social-link"" data-v-a973a906 data-v-12595b26><svg aria-hidden=""true"" class=""mdc-icon mds-icon mdc-footer__social-icon"" data-v-12595b26><use xlink:href=""/assets/img/mdc.ed3c448.svg#apple-news""></use></svg></a></div></div> <div class=""mdc-column mds-layout-grid__col mdc-footer__navigation mds-layout-grid__col--12 mds-layout-grid__col--6-at-768 mds-layout-grid__col--2-at-1092"" data-v-0ef6d8d7 data-v-12595b26><ul class=""mdc-list-group mds-list-group mds-list-group--small "" data-v-12595b26><li class=""mdc-list-group__item mds-list-group__item mds-list-group__item--header"" data-v-57e2dd78 data-v-12595b26>What We Do <!----> <!----> <!----></li> <li class=""mdc-list-group__item mds-list-group__item"" data-v-57e2dd78 data-v-12595b26><a href=""https://www.morningstar.com/products/professional-investment-solutions"" tabindex=""0"" class=""mdc-link mds-list-group__link"" data-v-a973a906 data-v-57e2dd78><!----> <span class=""mds-list-group__item-text"" data-v-a973a906 data-v-57e2dd78>For Business <!----></span> <!----> <!----> <!----></a> <!----> <!----> <!----></li> <li class=""mdc-list-group__item mds-list-group__item"" data-v-57e2dd78 data-v-12595b26><a href=""https://www.morningstar.com/company/individuals"" tabindex=""0"" class=""mdc-link mds-list-group__link"" data-v-a973a906 data-v-57e2dd78><!----> <span class=""mds-list-group__item-text"" data-v-a973a906 data-v-57e2dd78>For Investors <!----></span> <!----> <!----> <!----></a> <!----> <!----> <!----></li></ul></div> <div class=""mdc-column mds-layout-grid__col mdc-footer__navigation mds-layout-grid__col--12 mds-layout-grid__col--6-at-768 mds-layout-grid__col--2-at-1092"" data-v-0ef6d8d7 data-v-12595b26><ul class=""mdc-list-group mds-list-group mds-list-group--small "" data-v-12595b26><li class=""mdc-list-group__item mds-list-group__item mds-list-group__item--header"" data-v-57e2dd78 data-v-12595b26>Insights <!----> <!----> <!----></li> <li class=""mdc-list-group__item mds-list-group__item"" data-v-57e2dd78 data-v-12595b26><a href=""https://www.morningstar.com/lp/magazine"" tabindex=""0"" class=""mdc-link mds-list-group__link"" data-v-a973a906 data-v-57e2dd78><!----> <span class=""mds-list-group__item-text"" data-v-a973a906 data-v-57e2dd78>Morningstar Magazine <!----></span> <!----> <!----> <!----></a> <!----> <!----> <!----></li> <li class=""mdc-list-group__item mds-list-group__item"" data-v-57e2dd78 data-v-12595b26><a href=""https://www.morningstar.com/newsletters"" tabindex=""0"" class=""mdc-link mds-list-group__link"" data-v-a973a906 data-v-57e2dd78><!----> <span class=""mds-list-group__item-text"" data-v-a973a906 data-v-57e2dd78>Newsletters <!----></span> <!----> <!----> <!----></a> <!----> <!----> <!----></li> <li class=""mdc-list-group__item mds-list-group__item"" data-v-57e2dd78 data-v-12595b26><a href=""https://www.morningstar.com/podcasts"" tabindex=""0"" class=""mdc-link mds-list-group__link"" data-v-a973a906 data-v-57e2dd78><!----> <span class=""mds-list-group__item-text"" data-v-a973a906 data-v-57e2dd78>Podcasts <!----></span> <!----> <!----> <!----></a> <!----> <!----> <!----></li> <li class=""mdc-list-group__item mds-list-group__item"" data-v-57e2dd78 data-v-12595b26><a href=""https://www.morningstar.com/research/trending"" tabindex=""0"" class=""mdc-link mds-list-group__link"" data-v-a973a906 data-v-57e2dd78><!----> <span class=""mds-list-group__item-text"" data-v-a973a906 data-v-57e2dd78>Trending Research <!----></span> <!----> <!----> <!----></a> <!----> <!----> <!----></li> <li class=""mdc-list-group__item mds-list-group__item"" data-v-57e2dd78 data-v-12595b26><a href=""https://www.morningstar.com/investing-definitions"" tabindex=""0"" class=""mdc-link mds-list-group__link"" data-v-a973a906 data-v-57e2dd78><!----> <span class=""mds-list-group__item-text"" data-v-a973a906 data-v-57e2dd78>Investing Definitions <!----></span> <!----> <!----> <!----></a> <!----> <!----> <!----></li></ul></div> <div class=""mdc-column mds-layout-grid__col mdc-footer__navigation mds-layout-grid__col--12 mds-layout-grid__col--6-at-768 mds-layout-grid__col--2-at-1092"" data-v-0ef6d8d7 data-v-12595b26><ul class=""mdc-list-group mds-list-group mds-list-group--small "" data-v-12595b26><li class=""mdc-list-group__item mds-list-group__item mds-list-group__item--header"" data-v-57e2dd78 data-v-12595b26>About Us <!----> <!----> <!----></li> <li class=""mdc-list-group__item mds-list-group__item"" data-v-57e2dd78 data-v-12595b26><a href=""https://www.morningstar.com/company/about-us"" tabindex=""0"" class=""mdc-link mds-list-group__link"" data-v-a973a906 data-v-57e2dd78><!----> <span class=""mds-list-group__item-text"" data-v-a973a906 data-v-57e2dd78>Our Story <!----></span> <!----> <!----> <!----></a> <!----> <!----> <!----></li> <li class=""mdc-list-group__item mds-list-group__item"" data-v-57e2dd78 data-v-12595b26><a href=""https://www.morningstar.com/careers"" tabindex=""0"" class=""mdc-link mds-list-group__link"" data-v-a973a906 data-v-57e2dd78><!----> <span class=""mds-list-group__item-text"" data-v-a973a906 data-v-57e2dd78>Careers <!----></span> <!----> <!----> <!----></a> <!----> <!----> <!----></li> <li class=""mdc-list-group__item mds-list-group__item"" data-v-57e2dd78 data-v-12595b26><a href=""https://www.morningstar.com/research/signature"" tabindex=""0"" class=""mdc-link mds-list-group__link"" data-v-a973a906 data-v-57e2dd78><!----> <span class=""mds-list-group__item-text"" data-v-a973a906 data-v-57e2dd78>Our Signature Methodologies <!----></span> <!----> <!----> <!----></a> <!----> <!----> <!----></li> <li class=""mdc-list-group__item mds-list-group__item"" data-v-57e2dd78 data-v-12595b26><a href=""https://www.morningstar.com/company/global-contacts"" tabindex=""0"" class=""mdc-link mds-list-group__link"" data-v-a973a906 data-v-57e2dd78><!----> <span class=""mds-list-group__item-text"" data-v-a973a906 data-v-57e2dd78>Global Contacts <!----></span> <!----> <!----> <!----></a> <!----> <!----> <!----></li> <li class=""mdc-list-group__item mds-list-group__item"" data-v-57e2dd78 data-v-12595b26><a href=""https://www.morningstar.com/company/media-kit"" tabindex=""0"" class=""mdc-link mds-list-group__link"" data-v-a973a906 data-v-57e2dd78><!----> <span class=""mds-list-group__item-text"" data-v-a973a906 data-v-57e2dd78>Advertising Opportunities <!----></span> <!----> <!----> <!----></a> <!----> <!----> <!----></li> <li class=""mdc-list-group__item mds-list-group__item"" data-v-57e2dd78 data-v-12595b26><a href=""mailto:reprints@morningstar.com?subject=&lt;Reprints Request from Morningstar.com&gt;"" tabindex=""0"" class=""mdc-link mds-list-group__link"" data-v-a973a906 data-v-57e2dd78><!----> <span class=""mds-list-group__item-text"" data-v-a973a906 data-v-57e2dd78>Reprints: reprints@morningstar.com <!----></span> <!----> <!----> <!----></a> <!----> <!----> <!----></li> <li class=""mdc-list-group__item mds-list-group__item"" data-v-57e2dd78 data-v-12595b26><a href=""https://community.morningstar.com"" tabindex=""0"" class=""mdc-link mds-list-group__link"" data-v-a973a906 data-v-57e2dd78><!----> <span class=""mds-list-group__item-text"" data-v-a973a906 data-v-57e2dd78>Discussion Forums <!----></span> <!----> <!----> <!----></a> <!----> <!----> <!----></li></ul></div> <div class=""mdc-column mds-layout-grid__col mdc-footer__navigation mds-layout-grid__col--12 mds-layout-grid__col--6-at-768 mds-layout-grid__col--2-at-1092"" data-v-0ef6d8d7 data-v-12595b26><ul class=""mdc-list-group mds-list-group mds-list-group--small "" data-v-12595b26><li class=""mdc-list-group__item mds-list-group__item mds-list-group__item--header"" data-v-57e2dd78 data-v-12595b26>Get Help <!----> <!----> <!----></li> <li class=""mdc-list-group__item mds-list-group__item"" data-v-57e2dd78 data-v-12595b26><a href=""https://www.morningstar.com/help-center"" tabindex=""0"" class=""mdc-link mds-list-group__link"" data-v-a973a906 data-v-57e2dd78><!----> <span class=""mds-list-group__item-text"" data-v-a973a906 data-v-57e2dd78>Help Center <!----></span> <!----> <!----> <!----></a> <!----> <!----> <!----></li> <!----> <li class=""mdc-list-group__item mds-list-group__item"" data-v-57e2dd78 data-v-12595b26><a href=""https://community.morningstar.com/"" tabindex=""0"" class=""mdc-link mds-list-group__link"" data-v-a973a906 data-v-57e2dd78><!----> <span class=""mds-list-group__item-text"" data-v-a973a906 data-v-57e2dd78>Discussion Forums <!----></span> <!----> <!----> <!----></a> <!----> <!----> <!----></li> <li class=""mdc-list-group__item mds-list-group__item"" data-v-57e2dd78 data-v-12595b26><a href=""https://www.morningstar.com/company/media-kit"" tabindex=""0"" class=""mdc-link mds-list-group__link"" data-v-a973a906 data-v-57e2dd78><!----> <span class=""mds-list-group__item-text"" data-v-a973a906 data-v-57e2dd78>Advertising Opportunities <!----></span> <!----> <!----> <!----></a> <!----> <!----> <!----></li> <li class=""mdc-list-group__item mds-list-group__item"" data-v-57e2dd78 data-v-12595b26><a id=""usbl-integrated-button-footer"" href=""#"" tabindex=""0"" class=""mdc-link mds-list-group__link"" data-v-a973a906 data-v-57e2dd78><!----> <span class=""mds-list-group__item-text"" data-v-a973a906 data-v-57e2dd78>Feedback <!----></span> <!----> <!----> <!----></a> <!----> <!----> <!----></li></ul></div></div> <hr class=""mdc-rule mdc-rule--tertiary"" data-v-1d0a849e data-v-12595b26> <div class=""mdc-row mds-layout-grid__row mdc-footer__section mdc-footer__section--bottom"" data-v-18387644 data-v-12595b26><div class=""mdc-column mds-layout-grid__col mdc-footer__section--bottom__country-column mds-layout-grid__col--2-at-768"" data-v-0ef6d8d7 data-v-12595b26><a href=""/company/location"" tabindex=""0"" target=""_blank"" class=""mdc-link mdc-footer__locale-switcher mds-link"" data-v-a973a906 data-v-12595b26><img alt=""United States Flag"" src=""/assets/img/us_flag_20x20.34273bf.svg"" width=""20"" height=""20"" class=""mdc-footer__country-flag"" data-v-a973a906 data-v-12595b26>",
					United States,,
"				</a></div> <div class=""mdc-column mds-layout-grid__col mds-layout-grid__col--12 mds-layout-grid__col--9-at-768"" data-v-0ef6d8d7 data-v-12595b26><p class=""mdc-footer__copyright"" data-v-0ef6d8d7 data-v-12595b26>",,
					Â© Copyright 2022 Morningstar, Inc. All rights reserved.,
					This site is protected by reCAPTCHA and the Google,,
"					<a href=""https://policies.google.com/privacy"" tabindex=""0"" target=""_blank"" class=""mdc-link mds-link mdc-link--body"" data-v-a973a906 data-v-12595b26>Privacy Policy</a> and",,
"					<a href=""https://policies.google.com/terms"" tabindex=""0"" target=""_blank"" class=""mdc-link mds-link mdc-link--body"" data-v-a973a906 data-v-12595b26>Terms of Service</a> apply.",,
  </body>,,
</html>,,
